id	field	ch	ctx	
2	question	:	lim 2x^{2}␟ax:b =1	:|R>L
2	question	:	lim 2x^{2}:ax␟b =1	:|L>L
2	question	:	htarrow1 x^{2}␟x^{2}	:|R>L
2	analysis	:	lim 2x^{2}␟ax:b =lim 4x:a	:|R>L
2	analysis	:	lim 2x^{2}:ax␟b =lim 4x:a = 	:|L>L
2	analysis	:	}:ax:b =lim 4x␟a = 4:a =1 \Ri	:|L>L
2	analysis	:	 =lim 4x:a = 4␟a =1 \Rightarr	:|D>L
2	analysis	:	htarrow1 x^{2}␟x^{2} x\righta	:|R>L
2	analysis	:	\rightarrow12x␟1 3	:|L>D
6	analysis	:	␟ x<1 ; x<1	:|#>S
6	analysis	;	: x<1 ␟ x<1	;|S>S
7	analysis	;	 3+(5-x) 2 3 x␟ 1 3 = 5(2; 1 	;|L>S
7	analysis	;	3 x; 1 3 = 5(2␟ 1 x) ,	;|D>S
9	analysis	:	D␟0\leq y \leq1,	:|L>D
9	analysis	;	ightarrow x =y␟y =x^{2} \Righ	;|L>L
11	question	;	␟xz	;|#>L
11	question	;	 z(␟xz:y) z(xy^{1}	;|K>L
11	question	:	 z(;xz␟y) z(xy^{1})	:|L>L
11	analysis	:	ilon y Fz y(xz␟1)	:|L>D
13	question	:	在(0,+\infty)内是␟( ).	:|C>K
15	question	:	L␟\frac{x}{3}=\f	:|L>B
15	question	:	\pi␟-2x+2y+z-1=0	:|L>P
17	analysis	:	arrow\infty an␟1	:|L>D
21	question	:	 相似,则\lambda等于␟( ). -3 -3 5 0	:|C>K
32	analysis	;	ta=45 ^{\circ}␟出 2 0 0 4 射光线强	;|R>C
36	analysis	;	␟1 \lambda	;|#>D
36	analysis	;	␟1 \lambda= 2\t	;|#>D
42	question	:	 应向右进行,可采取的方法是␟( ).	:|C>K
52	question	:	弹的速度和加速度的大小分别为␟( ). 0 0 2	:|C>K
54	A	:	\theta␟	:|L>#
54	B	:	\theta␟	:|L>#
54	B	:	\theta␟ `mch\theta	:|L>S
54	C	;	\theta␟	;|L>#
56	analysis	:	=\alpha 方向如图所示␟ h 由\sum F =m\	:|C>S
69	question	:	上.该压杆的长度系数\mu是␟ ( ).	:|C>S
77	analysis	;	\lambda =5␟	;|D>#
87	question	:	信号u(t)的时域描述形式是␟( ).(注:1(t)是单位	:|C>K
87	question	:	时域描述形式是:( ).(注␟1(t)是单位阶跃函数) 1	:|C>D
108	analysis	;	T=5+ |␟60| =5+0.25=5.	;|P>D
120	analysis	;	k 1 ␟k lim (1-x)x =	;|S>L
122	analysis	;	x\rightarrow0␟ x 2 x\rightar	;|D>S
122	analysis	:	 x\rightarrow0␟ x 2	:|D>S
123	analysis	;	{t^{2}} dt =-e␟(2x)2 (2x)	;|L>K
125	question	:	3 \sqrt1␟x^{3}	:|D>L
125	analysis	:	nt 3 \sqrt1 x ␟ 2 x^{3} dx = 	:|S>S
125	analysis	:	 3 \sqrt (1 1 ␟ : x x 3 3 ) =	:|S>S
125	analysis	:	 \sqrt (1 1 : ␟ x x 3 3 ) = 1	:|S>S
125	analysis	;	= 1 3 \times 1␟ 1 1 (1+x^{3})	;|D>S
125	analysis	;	1 1 (1+x^{3})1␟ 1 3+C = 1 2 (	;|D>S
128	question	:	L_1␟ \frac{x-1}{1}	:|D>S
128	question	:	L_2␟ \begin{cases}	:|D>S
132	question	:	y =C e^{x}␟C_{2}(C ,C	:|R>L
132	analysis	:	C e^{x}␟C_{2} =(C eC_{	:|R>L
132	analysis	;	_{2})e^{x} =Ce␟x	;|L>L
133	question	;	int dx+ydy L x␟y	;|L>L
133	analysis	;	L x␟y 0 x;(x^{2}) 	;|L>L
133	analysis	;	L x;y 0 x␟(x^{2}) 0	;|L>K
134	B	;	(xdx+ydy) 2␟z 2;z 1 1	;|D>L
134	B	;	xdx+ydy) 2;z 2␟z 1 1	;|D>L
134	analysis	;	varepsilon y 2␟z 2;z 2;z	;|D>L
134	analysis	;	psilon y 2;z 2␟z 2;z	;|D>L
134	analysis	;	on y 2;z 2;z 2␟z	;|D>L
137	A	:	exey␟2y	:|L>D
137	B	:	exey␟2y(xey+1)	:|L>D
137	D	:	exey␟y	:|L>L
137	analysis	:	=exey␟y, \varepsilon	:|L>L
137	analysis	:	silon2z =(exey␟y)	:|L>L
137	analysis	:	=exey␟2y	:|L>D
138	analysis	;	^{1}|=(-1)3|A|␟1|B|;1 =1	;|P>D
138	analysis	;	=(-1)3|A|;1|B|␟1 =1	;|P>D
143	question	;	\sum n i<1 (Xi␟X	;|L>L
143	question	;	\sum n i<1 (Yi␟Y	;|L>L
145	analysis	;	\Delta N = ^N ␟	;|S>#
148	analysis	;	mbda=5 ,T=1/10␟将t=0.25s带入可知波峰	;|D>C
159	question	:	)的平衡常数K\theta是␟ ( ). 2 2 2 2 	:|C>S
159	A	:	\theta␟ K\theta	:|L>S
159	C	;	\theta␟ K\theta	;|L>S
159	analysis	;	heta* K\theta ␟反应3=m反应1K \the	;|S>C
168	question	:	 \varphi 的约束力为␟( ).	:|C>K
186	analysis	:	es0.5a 2F (A) ␟\sigma =|	:|S>B
186	analysis	:	␟\sigma =|	:|#>B
204	question	:	qrt2Usinwt,则此时␟ ( ).	:|C>S
240	A	:	lim 1␟cos	:|D>L
240	B	;	lim x␟sin	;|L>L
242	question	:	dx xy␟y^{3}	:|L>L
251	C	;	y =e^{x},y =xe␟x	;|L>L
253	analysis	:	htarrow\infty1␟n^{2} 3	:|D>L
258	analysis	:	| t 2 1|=(-1)2␟3| |=0 \Righta	:|D>D
260	question	:	 a 征值\lambda 为␟( ). 3	:|C>K
292	analysis	:	lpha. \tau h 又␟a =R \omega2, 	:|C>L
292	analysis	:	中R=l h \tau 所以␟ \omega=\sqrt{	:|C>S
295	D	:	2I\omega I␟gR^{2} I:gR^{2	:|L>L
295	D	:	ega I:gR^{2} I␟gR^{2} I:gR^{2	:|L>L
295	D	:	{2} I:gR^{2} I␟gR^{2}	:|L>L
296	B	;	mr\varepsilon␟ 1 mr 2\vareps	;|L>S
297	analysis	:	 =30=\sqrt e 得␟k=4500N/m. 0 g	:|C>L
300	analysis	:	 Wp1 ^ 1 3 1 得␟^2 = 3\sqrt2 ^	:|C>o
304	question	:	主应力\sigma 大致指向␟( ). 1	:|C>K
304	analysis	;	␟\sigma	;|#>B
305	analysis	;	es a 5F \sigma␟ = + =	;|L>S
307	analysis	:	下图所示,根据静力学平衡方程␟ \sum M (F)=0 	:|C>S
307	analysis	:	4-F\times2=0 即␟F = F =50kN A 	:|C>L
307	analysis	:	=0 F +F -F=0 即␟F =50kN s Bs A	:|C>L
307	analysis	:	AY \sum F =0 即␟F =0 r Ar 采用截面	:|C>L
307	analysis	:	Ar 采用截面法建立弯矩方程␟ 对于AC段(C为中点)(0	:|C>S
307	analysis	:	段(C为中点)(0<x<2)␟ \sum M (F)=0 	:|R>S
307	analysis	:	mes x-M(x)=0 即␟M(x)=50x i c A	:|C>L
307	analysis	:	s 对于CB段(2<x<4)␟ \sum M (F)=0 	:|R>S
307	analysis	:	(4-x)-M(x)=0 即␟M(x)=50(4-x) i	:|C>L
307	analysis	:	4-x) i c Bs 所以␟M =100kN\cdot 	:|C>L
311	question	:	与 1 2 m m Q分别为␟( ).	:|C>K
322	question	:	le0\circ V时,等于␟( ).	:|C>K
322	analysis	;	00 =20-j20 d20␟d10 电流I= 100 =	;|D>L
322	analysis	;	gle45\circ. 20␟d20	;|D>L
324	question	:	in\omega t,则此时␟ ( ).	:|C>S
363	A	;	y =2e␟x	;|L>L
363	analysis	;	y =Ce␟\int p(x)dx	;|L>B
363	analysis	;	y =Ce␟\int;dx =Cex	;|L>B
363	analysis	;	y =Ce;\int␟dx =Cex	;|L>L
365	analysis	:	 x<0 Fy x<0 ey␟x x<0 - 1	:|L>L
365	analysis	:	dx ey␟x	:|L>L
368	question	:	x =1 x^{1} y␟2 z^{3}	:|L>D
368	B	:	0 0 1 z =-3t x␟1 y^{2} z:3	:|L>D
368	B	:	3t x:1 y^{2} z␟3	:|L>D
373	question	;	f(x)=xe␟x	;|L>L
373	analysis	;	(x)=e^{x}-xe␟x,f	;|L>L
373	analysis	;	^{x}-(e^{x}-xe␟x)=e^{x}(x-2)	;|L>L
375	question	:	D␟x^{2}+y^{2} \l	:|L>L
375	question	:	 ,则二重积分\iint =␟( ). D 1:x^{2}	:|P>K
375	question	:	int =:( ). D 1␟x^{2}:y^{2} \p	:|D>L
375	question	:	( ). D 1:x^{2}␟y^{2} \pi	:|R>L
385	analysis	:	方程 气体分子的平均碰撞频率␟Z =\sqrt2n\pi 	:|C>L
385	analysis	:	 RT ,p=nkT, 则 ␟Z = M \sqrt2n\	:|S>L
385	analysis	:	 RT ,p=nkT , 则␟ Z =\sqrt2 P \	:|C>S
390	analysis	:	␟ \lambda = 2\p	:|#>S
398	question	:	已知Km␟(NH \cdot H O)	:|L>K
398	analysis	:	mes c 盐 ,由于,NH␟--NH 3 \cdot H	:|L>P
398	analysis	:	共轭碱)=K 可计算出,NH␟-的K ,则: \ 3 2 	:|L>P
398	analysis	:	可计算出,NH:-的K ,则␟ \ 3 2 [ \ q [	:|C>S
398	analysis	:	3 2 [ \ q [ ,H␟-=\sqrt K \ome	:|L>P
400	C	:	\theta (␟) (;)	:|K>R
400	C	;	\theta (:) (␟)	;|K>R
409	analysis	:	 因为速度v= ^r,积分得␟\int r dx=\int	:|C>B
413	A	;	c{W}{g}\cdot v␟\frac{1}{2}\fr	;|L>B
413	B	;	mv␟\frac{1}{2}\fr	;|L>B
413	C	;	}{g}\cdot v+mv␟\frac{1}{2}\fr	;|L>B
413	D	;	}{g}\cdot v-mv␟\frac{W}{g}\cd	;|L>B
413	analysis	;	\cdot v␟	;|L>#
421	analysis	:	弯曲应力␟弯曲强度. 胶合面开裂前\s	:|C>C
431	question	;	\xi =0.5 )␟2 和 5 为90^{\ci	;|R>D
431	analysis	:	10^{3} 3-6管段流速␟v 2 = \pi \tim	:|C>L
431	analysis	:	es 2 d 2g 2 式中␟P =P ,u =u =0 	:|C>L
431	analysis	:	2 10 1.2732 即 ␟ H=(0.5+0.5) +	:|S>S
442	analysis	:	变换. 根据理想变压器关系有␟ I =\sqrt P2 =	:|C>S
452	analysis	:	Qn␟1 =A	:|L>D
482	question	;	lim xf(x_{0} )␟x0f(x) =	;|R>L
482	question	;	tarrow x_{0} x␟x_{0}	;|L>L
495	question	:	D␟|x|\leq1,|y|\l	:|L>P
520	question	;	中,E\oslash(C10␟/C10;)=1.19V,E	;|D>P
520	question	;	slash(C10;/C10␟)=1.19V,E\osla	;|D>R
520	question	;	V,E\oslash(C10␟/C1;)=1.39V, 4	;|D>P
520	question	;	oslash(C10;/C1␟)=1.39V, 4 3 3	;|D>R
520	question	;	3 E\oslash(C10␟/C1;)=1.49V,E\	;|D>P
520	question	;	oslash(C10;/C1␟)=1.49V,E\osla	;|D>R
526	analysis	;	 1 0 1 2a(瞬时针)␟力F 平移到O点得到力F 和	;|R>C
527	analysis	:	体作为研究对象,其受力图如下␟ \sum M (F)=0F	:|C>S
527	analysis	:	F \times3r=0 得␟F = 3 F C c A 	:|C>L
531	A	;	\omega␟\alpha	;|L>B
531	A	;	\omega^{2}␟\alpha\tau = b	;|R>B
531	B	;	\omega^{2}␟\alpha\tau = r	;|R>B
531	C	;	\omega␟\alpha	;|L>B
531	C	;	\omega^{2}␟\alpha\tau = r	;|R>B
531	D	;	\omega␟\alpha	;|L>B
531	D	;	\omega^{2}␟\alpha\tau = b	;|R>B
531	analysis	;	\omega␟\alpha	;|L>B
531	analysis	;	\omega^{2}␟\alpha\tau =\a	;|R>B
540	analysis	:	␟ \theta \theta	:|#>S
545	analysis	;	\tau = \sigma1␟\sigma3 max 2 	;|D>B
545	analysis	:	)␟ \sigma 1 =\si	:|R>S
545	analysis	:	␟ \sigma 1 =\si	:|#>S
545	analysis	:	)␟\sigma 1 =2\si	:|R>B
545	analysis	:	␟ \sigma 1 =3\s	:|#>S
571	analysis	:	imes106 0 0M 示␟ 由图可知,当 t<10s 	:|C>S
571	analysis	;	 t<10s 时,u =-t␟t\geq10s 时,u =	;|L>L
573	analysis	;	)触发器 CP 上升沿做起用␟ 2)存在置位端置1,复位端	;|C>S
573	analysis	;	)存在置位端置1,复位端复0␟ 3)置位端和复位端低电平有	;|D>S
573	analysis	;	此时输出Q Q Q =101␟ 2 1 0 4)当 CP 	;|D>S
584	analysis	:	偿债基金公式(已知F,求A)␟ A=F0 c 1=F(A,	:|R>S
584	analysis	:	7=108.58万元. (1␟c)n^{1} F	:|D>L
590	analysis	:	残值减掉. 甲方案的费用现值␟ P=4(P/A,20%,2	:|C>S
590	analysis	:	.27万元 乙方案的费用现值␟ P=6(P/A,20%,2	:|C>S
602	analysis	;	lim \sqrt1␟x^{2};\sqrt1:x	;|D>L
602	analysis	;	m \sqrt1;x^{2}␟\sqrt1:x^{2} =	;|R>B
602	analysis	:	1;x^{2};\sqrt1␟x^{2} =lim (\s	:|D>L
602	analysis	;	} =lim (\sqrt1␟x^{2};\sqrt1:x	;|D>L
602	analysis	;	 (\sqrt1;x^{2}␟\sqrt1:x^{2})(	;|R>B
602	analysis	:	1;x^{2};\sqrt1␟x^{2})(\sqrt1;	:|D>L
602	analysis	;	:x^{2})(\sqrt1␟x^{2}:\sqrt1:x	;|D>L
602	analysis	:	)(\sqrt1;x^{2}␟\sqrt1:x^{2}) 	:|R>B
602	analysis	:	1;x^{2}:\sqrt1␟x^{2}) x\right	:|D>L
602	analysis	;	row0 xk(\sqrt1␟x^{2}:\sqrt1:x	;|D>L
602	analysis	:	k(\sqrt1;x^{2}␟\sqrt1:x^{2}) 	:|R>B
602	analysis	:	1;x^{2}:\sqrt1␟x^{2}) ;2x^{2}	:|D>L
602	analysis	;	\sqrt1:x^{2}) ␟2x^{2} =lim = 	;|S>D
606	question	:	sin2(x^{2}␟1)	:|R>D
606	B	:	+C 2 sin(x^{2}␟1)	:|R>D
606	analysis	:	sin2(x^{2}␟1) 2 sin2(x^{2	:|R>D
606	analysis	:	) 2 sin2(x^{2}␟1) 2	:|R>D
607	question	;	␟2 (1:x)2 4 4 2	;|#>D
607	question	:	;2 (1␟x)2 4 4 2	:|D>L
607	analysis	;	 2 1 dx =\int ␟1 1 d(1+x)+\in	;|S>D
607	analysis	;	d(1+x)=0- 1 1 ␟1 +0- 1 1 2 =\	;|S>D
607	analysis	;	␟2 (1:x)2 ;2 (1	;|#>D
607	analysis	:	;2 (1␟x)2 ;2 (1:x)2 	:|D>L
607	analysis	;	;2 (1:x)2 ␟2 (1:x)2 ;1 (1	;|S>D
607	analysis	:	2 (1:x)2 ;2 (1␟x)2 ;1 (1:x)2 	:|D>L
607	analysis	;	x)2 ;2 (1:x)2 ␟1 (1:x)2 1:x ;	;|S>D
607	analysis	:	2 (1:x)2 ;1 (1␟x)2 1:x ;2 1:x	:|D>L
607	analysis	:	)2 ;1 (1:x)2 1␟x ;2 1:x ;1	:|D>L
607	analysis	;	;1 (1:x)2 1:x ␟2 1:x ;1	;|S>D
607	analysis	:	1:x)2 1:x ;2 1␟x ;1	:|D>L
607	analysis	;	)2 1:x ;2 1:x ␟1	;|S>D
609	question	:	x^{2} y z␟1 x^{2} y z:1	:|L>D
609	question	:	 z:1 x^{2} y z␟1	:|L>D
609	B	:	 1 0 x^{2} y z␟1 x =2	:|L>D
613	question	:	L␟x^{2}+y^{2} =1	:|L>L
613	question	;	\int ydx␟xdy	;|L>L
613	question	:	L x^{2}␟y^{2}	:|R>L
617	analysis	:	arrow\infty an␟1	:|L>D
632	analysis	:	\alpha␟\beta \alpha;\	:|L>B
632	analysis	;	a:\beta \alpha␟\beta =2	;|L>B
648	analysis	:	 [ \sum M =0 即␟M -F \times. +	:|C>L
648	analysis	:	times. +r/=0 得␟M =F \times. +	:|C>L
650	analysis	:	+at=10a=5m/s 得␟a=0.5m/s2s= 1 	:|C>L
655	A	;	\sqrt 4a(1␟mch \theta)	;|D>L
655	B	;	\sqrt 4a(1␟]im \theta) 3	;|D>R
655	C	;	\sqrt 2a(1␟]im \theta)	;|D>R
655	D	;	\sqrt a(1␟]im \theta)	;|D>R
655	analysis	:	 2 0 2 2 0 1 则␟ 1 \times. 1 m	:|C>S
655	analysis	:	heta) 2 2 2 所以␟w=\sqrt 4a(1;]	:|C>L
655	analysis	;	以:w=\sqrt 4a(1␟]im \theta)	;|D>R
680	analysis	:	␟ I +0.2=I \Rig	:|#>S
712	analysis	:	已知年金值A,求现值P. 甲␟P=A(P/A,i,n)=1	:|C>L
712	analysis	:	500=360.244. 乙␟P=A(P/A,i,n)=2	:|C>L
720	analysis	:	2␟x 2	:|D>L
722	question	;	␟y^{2}:ex y^{2}	;|#>L
722	question	:	;y^{2}␟ex y^{2}:ex	:|R>L
722	question	:	y^{2}:ex y^{2}␟ex	:|R>L
722	B	:	 y^{2}xy y^{2}␟ex y^{2};ex	:|R>L
722	B	;	y^{2}:ex y^{2}␟ex	;|R>L
724	analysis	;	= 2 3 x␟ 1 3 = 2 33 \s	;|L>S
725	question	:	\infty)上拐点的个数是␟( ).	:|C>K
728	question	:	垂直,则常数\lambda为␟( ). 7 7 8 8	:|C>K
729	question	:	1 2 x y␟1 z^{2}	:|L>D
733	question	;	(1,␟1) x	;|P>D
733	analysis	;	repsilon x (1,␟1)	;|P>D
744	analysis	;	/\mu ␟方均根速率:v lgm =\	;|S>C
744	analysis	:	/\mu ;方均根速率␟v lgm =\sqrt3k	:|C>L
759	question	:	1}NaOA 溶液的pH值为␟( ). ] ]	:|C>K
759	analysis	;	) K\ominus(OAc␟)=K /K\ominus(	;|L>R
759	analysis	;	)= \ q [ c(OAc␟) C,OH	;|L>R
760	question	:	elta H\ominus是␟( ). 2 ` g	:|C>K
761	question	:	Pa,则上述反应进行的方向是␟( ). 2 4 2	:|C>K
769	question	:	=100N的作用力下,物块将␟( ).	:|C>K
771	question	:	t=0 时,炮弹的速度大小为␟( ). 0 2	:|C>K
773	analysis	:	 N T n␟ma	:|L>L
784	analysis	:	弯曲正应力的计算 M M A␟\sigma g[r = W	:|L>B
784	analysis	:	 a3 6 M 0.5M B␟\sigma g[r = W	:|L>B
784	analysis	:	.5a3 6 1 M M C␟\sigma g[r = W	:|L>B
784	analysis	:	3 6 1 M M 2M D␟ \sigma = = 2 	:|L>S
785	question	:	lta L为杆DB的伸长变形␟( ). l l	:|C>K
801	question	:	circ)V ,则电流i 为␟( ).	:|C>K
802	question	:	, 1 2 ] S 则X 为␟( ). ]	:|C>K
826	analysis	:	等值计算. 复利公式␟F=P(1+i)h P-本金	:|C>L
826	analysis	;	F=P(1+i)h P-本金␟i-计息周期利率;n---计	;|C>L
826	analysis	;	 P-本金;i-计息周期利率␟n---计息周期数;F- n	;|C>L
826	analysis	;	周期利率;n---计息周期数␟F- n期后本利和 F=P(	;|C>L
832	analysis	:	已知年金值A,求现值P. 甲␟P=A(P/A,i,n)=1	:|C>L
832	analysis	:	500=439.414. 乙␟P=A(P/A,i,n)=2	:|C>L
842	analysis	;	f(x) =lim f(x)␟f(0) =f	;|R>L
844	analysis	;	x\rightarrow␟\infty x\right	;|L>B
844	analysis	:	y x\rightarrow␟\infty x^{3}+x	:|L>B
847	analysis	;	x^{2} |1 =e-1 ␟1 ;1 0 0 0	;|S>D
847	analysis	;	2} |1 =e-1 ;1 ␟1 0 0 0	;|S>D
849	question	:	\pi␟4x-2y+z-2=0	:|L>D
851	A	;	y =3e␟x	;|L>L
851	B	;	y =-3e␟x	;|L>L
852	analysis	:	lim f(\Delta x␟0	:|L>D
852	analysis	;	1)␟f(0,1) =lim \D	;|R>L
853	question	:	D␟ x^2+y^2\leq1	:|L>S
867	analysis	;	\Delta E ␟	;|S>#
879	question	:	3 2 4 合溶液的pH值为␟( )	:|C>K
879	analysis	:	弱碱及其盐,所以我们套用公式␟ POH=PK\oslash	:|C>S
880	question	:	 H g \ominus 是␟( )	:|C>K
882	question	:	1},则原电池电动势的变化是␟( )	:|C>K
882	analysis	;	原电池电动势的计算␟沉淀溶解平衡. 原电池电极半	;|C>C
882	analysis	:	平衡. 原电池电极半反应书写␟ (-)负极:发生氧化反应,	:|C>S
882	analysis	:	电极半反应书写: (-)负极␟发生氧化反应,化合价升高.F	:|C>C
882	analysis	:	F e^{2+} (+)正极␟发生还原反应,化合价降低.2	:|C>C
882	analysis	:	^{2+} 原电池电动势计算␟ 0.059 ,Fe^{3+	:|C>S
882	analysis	:	 lg,Fe^{2+}-} ␟ ; 2 ,Fe^{2+}-	:|S>S
882	analysis	;	g,Fe^{2+}-} : ␟ 2 ,Fe^{2+}-2 	;|S>S
882	analysis	:	+}-=1,此时原电池电动势␟ 0.059 0.059 E	:|C>S
882	analysis	:	+}/Fe)- lg1 1 ␟ ; 2 2 =E\omin	:|S>S
882	analysis	;	/Fe)- lg1 1 : ␟ 2 2 =E\ominus	;|S>S
882	analysis	:	Fe(OH) 的沉淀溶解平衡␟ 2 3 K\ominus(	:|C>S
882	analysis	:	^{39}代入,原电池电动势␟ 0.059 E =E -E	:|C>S
882	analysis	:	mes10^{45}) 2 ␟ ; 2 0.059 - l	:|S>S
882	analysis	;	s10^{45}) 2 : ␟ 2 0.059 - lg(	;|S>S
888	analysis	;	 2 1,对整体进行受力分析␟ B D A H M 45^	;|C>S
888	analysis	:	求,建立对点B的矩式平衡方程␟\sum M =0F BC-	:|C>B
888	analysis	:	 BC-M=0 B C 解得␟F = M = 1eN\cd	:|C>L
890	analysis	;	当t=2s时,点的速度会为零␟ 当t=2s时,x =23-	;|C>S
893	analysis	:	\sum F x␟ma cos30^{ \ci	:|L>L
900	question	:	对于 D 截面的扭转角间满足␟( ) m m m \bul	:|C>K
911	analysis	:	s 2 30m/s,则v等于␟v=\sqrt v2+v2 	:|C>L
916	analysis	:	v=vm根据雷诺数相等, 即␟ om = ommm p p	:|C>S
916	analysis	:	 = ommm p pm 得␟s =. o /. pm/s	:|C>L
919	analysis	:	 =4R 1 2 R_{1}␟R2 (2)电流源单独作用时	:|R>L
919	analysis	;	= R_{1}\times(␟2)R2 =-0.4R. R	;|K>D
919	analysis	:	 =-0.4R. R_{1}␟R2	:|R>L
920	question	:	yle="max-width␟100	:|L>D
921	analysis	:	47 . \sqrt1002␟2002	:|D>D
949	analysis	:	0.04万元, 转化为净年值␟130.04=\times(	:|C>D
951	analysis	:	经济比选中的净年值比较法 甲␟P' =A\times(P/	:|C>L
951	analysis	:	300=19.52万元, 乙␟P' =A\times(P/	:|C>L
960	analysis	:	x \rightarrow0␟	:|D>#
960	analysis	;	x \rightarrow0␟	;|D>#
961	question	:	x^{2}␟1 -ax-b	:|R>D
961	question	:	x␟1	:|L>D
961	analysis	:	fty  lim x^{2}␟1 -ax-b =lim (	:|R>D
961	analysis	;	 -ax-b =lim (1␟a)x^{2};(a:b)x	;|D>L
961	analysis	;	lim (1;a)x^{2}␟(a:b)x:1;b =\i	;|R>K
961	analysis	:	 (1;a)x^{2};(a␟b)x:1;b =\inft	:|L>L
961	analysis	:	a)x^{2};(a:b)x␟1;b =\infty,	:|L>D
961	analysis	;	x^{2};(a:b)x:1␟b =\infty,	;|D>L
961	analysis	:	tarrow\infty x␟1 x:1	:|L>D
961	analysis	:	ow\infty x:1 x␟1	:|L>D
965	question	:	x␟1	:|L>D
965	analysis	:	^{2}x^{2} = x2␟x^{3}x^{3}:1 =	:|D>L
965	analysis	:	 x2:x^{3}x^{3}␟1 =x-3+(x+1);1	:|R>D
965	analysis	;	}:1 =x-3+(x+1)␟1,f	;|R>D
965	analysis	:	x␟1 x:1 (x:1)2	:|L>D
965	analysis	:	x:1 x␟1 (x:1)2	:|L>D
965	analysis	:	x:1 x:1 (x␟1)2	:|L>D
965	analysis	:	(x␟1)3	:|L>D
967	question	:	0 \sqrt1␟x^{2} 1 1	:|D>L
967	analysis	:	} = 1 \int 1(1␟x^{2});1 dx^{2	:|D>L
967	analysis	;	int 1(1:x^{2})␟1 dx^{2} = 1 \	;|R>D
967	analysis	:	/d(1+ 0 \sqrt1␟x^{2} 2 0 \sqr	:|D>L
967	analysis	:	{2} 2 0 \sqrt1␟x^{2} 2 0 \sqr	:|D>L
967	analysis	:	{2} 2 0 \sqrt1␟x^{2} 2 0 \sqr	:|D>L
967	analysis	:	{2} 2 0 \sqrt1␟x^{2} x^{2})=0	:|D>L
975	analysis	:	x␟a \rightarrow0	:|L>L
976	analysis	:	infty a a n n ␟1	:|S>D
976	analysis	:	tarrow\infty(n␟ n 1 a )a n n:	:|L>S
976	analysis	:	: n 1 a )a n n␟1 =3	:|L>D
986	analysis	;	T_{2}␟T_{1}	;|R>L
986	analysis	:	2 i ␟1	:|S>D
986	analysis	;	T_{2}␟T_{1}	;|R>L
1001	question	:	已知␟K\theta(HOAc)=	:|C>L
1012	question	:	amma 方向的投影 分别为␟( ).	:|C>K
1015	D	:	2l\omega 1␟mR^{2} 1:mR^{2	:|D>L
1015	D	:	ega 1:mR^{2} 1␟mR^{2} 1:mR^{2	:|D>L
1015	D	:	{2} 1:mR^{2} 1␟mR^{2}	:|D>L
1017	analysis	:	k_{1}␟k_{2} 1 2 k_{1	:|R>L
1017	analysis	:	_{2} 1 2 k_{1}␟k_{1} 2	:|R>L
1043	question	:	路的功率因数\lambda为␟ ( ).	:|C>S
1044	analysis	:	p R 2 2␟(sX20)2	:|D>K
1053	analysis	;	␟ i1 : i2 : ; :	;|#>S
1053	analysis	:	; i1 ␟ i2 : ; : ;	:|S>S
1053	analysis	:	; i1 : i2 ␟ ; : ;	:|S>S
1053	analysis	;	; i1 : i2 : ␟ : ;	;|S>S
1053	analysis	:	; i1 : i2 : ; ␟ ;	:|S>S
1053	analysis	;	i1 : i2 : ; : ␟	;|S>#
1080	analysis	;	 2 =lim(1-kx) ␟ kx 1 \cdot(;2	;|S>S
1080	analysis	;	 ; kx 1 \cdot(␟2k) =e^{2}k =2	;|K>D
1082	analysis	;	(x)= ␟1	;|S>D
1082	analysis	;	{2} 2x^{2} 2x ␟1 1 1 \int dx 	;|S>D
1084	question	;	y =e ␟ x^{2} 1	;|S>S
1084	analysis	:	ightarrow x 0 ␟ x\rightarrow 	:|S>S
1084	analysis	;	ightarrow x 0 ␟ 0	;|S>S
1084	analysis	:	x\rightarrow␟\infty x\right	:|L>B
1084	analysis	;	y x\rightarrow␟\infty ;1	;|L>B
1084	analysis	;	tarrow;\infty ␟1	;|S>D
1086	question	;	␟\pi	;|#>B
1086	analysis	;	␟\pi 0 \pi	;|#>B
1087	analysis	;	F(x)=\int e␟xdx =-e^{x}, \	;|L>L
1090	analysis	;	y =e␟\int P(x)dx[\i	;|L>B
1090	analysis	;	nt dx[\int exe␟\int dxdx+C] =	;|L>B
1090	analysis	;	] =ex,\int exe␟xdx+C-=ex,x+C-	;|L>L
1092	B	;	y =2e␟x+ex	;|L>L
1092	C	;	y =e2x-2e␟x- 3 ex	;|L>L
1093	question	:	D␟x^{2}+y^{2} \l	:|L>L
1097	analysis	;	f(x␟):f(x:)	;|L>R
1097	analysis	:	f(x;)␟f(x:)	:|R>L
1097	analysis	:	f(x;):f(x␟)	:|L>R
1097	analysis	;	\pi)=S(0)= f(0␟):f(0:) = 1:2 	;|D>R
1097	analysis	:	i)=S(0)= f(0;)␟f(0:) = 1:2 = 	:|R>L
1097	analysis	:	(0)= f(0;):f(0␟) = 1:2 = 3	:|D>R
1097	analysis	:	(0;):f(0:) = 1␟2 = 3	:|D>D
1108	A	;	RTM1␟M2	;|D>L
1108	B	;	RT P1␟P2	;|D>L
1108	C	;	RTM1␟M2	;|D>L
1108	analysis	;	M = RTM1␟M2	;|D>L
1108	analysis	;	V P1␟P2	;|D>L
1119	analysis	:	算 + - 一元弱酸解离平衡␟HA(aq)+ H O(l)	:|C>L
1119	analysis	:	A(aq) 2 3 根据题意␟PH=3,即【H+】=【A-	:|C>L
1119	analysis	:	公式可求. K = ,H3O␟-,A;- \approx 	:|L>P
1119	analysis	;	. K = ,H3O:-,A␟- \approx ,H3O	;|L>P
1119	analysis	:	- \approx ,H3O␟-,A;- a C0 (HA	:|L>P
1119	analysis	;	pprox ,H3O:-,A␟- a C0 (HA);,H	;|L>P
1119	analysis	;	,A;- a C0 (HA)␟,H3O:- C0 (HA)	;|R>P
1119	analysis	:	a C0 (HA);,H3O␟- C0 (HA)	:|L>P
1128	question	:	circ}.则支座D约束力为␟( ) F M 45^{\c	:|C>K
1134	A	:	m1r_{1} 2␟ m2r_{2} 2 )v^	:|D>S
1134	B	:	m1r_{1} 2␟ m2r_{2} 2 )v^	:|D>S
1134	C	:	m1r_{1} ␟ m2r_{2} )v^{2	:|S>S
1134	D	:	m1r_{1} 2␟ m2r_{2} 2 )v^	:|D>S
1137	analysis	;	k k =2k␟ k = ; k =3k; 	;|L>S
1137	analysis	;	k k =2k; k = ␟ k =3k; a b c 	;|S>S
1137	analysis	;	k; k = ; k =3k␟ a b c 2	;|L>S
1137	analysis	;	 T =2\pi\sqrt ␟ T =2\pi\sqrt 	;|S>S
1137	analysis	;	 T =2\pi\sqrt ␟ T =2\pi\sqrt 	;|S>S
1137	analysis	;	 T =2\pi\sqrt ␟ a b c 2K K 3K	;|S>S
1153	question	:	Re_1␟Re_2=1:2	:|D>L
1153	question	:	Re_1:Re_2=1␟2	:|D>D
1153	question	:	Q_1␟Q_2=3:4	:|D>L
1153	question	:	Q_1:Q_2=3␟4	:|D>D
1153	question	:	D_1␟D_2	:|D>L
1153	analysis	:	1␟ υ	:|D>S
1153	analysis	:	v1d1 =1␟2	:|D>D
1154	question	:	Q_1␟Q_2=1:2	:|D>L
1154	question	:	Q_1:Q_2=1␟2	:|D>D
1154	question	:	L_1␟L_2	:|D>L
1172	question	:	leq0.3V,则电阻R 应␟( ). 0 B	:|C>K
1200	question	:	小,则lim `(r) 等于␟( ). r\rightar	:|C>K
1201	analysis	:	infty,选D. 2 (x␟1)(x^{1}) 2 2 	:|L>D
1201	analysis	;	rightarrow1 x ␟1 x\rightarrow	;|S>D
1201	analysis	;	htarrow^{1} x ␟1	;|S>D
1207	question	:	dx,则下列关系式中正确的是␟( ). 0 3:2]im2	:|C>K
1207	question	:	中正确的是:( ). 0 3␟2]im2r	:|D>D
1210	question	:	,则\partial2t等于␟( ). s \partia	:|C>K
1210	analysis	;	 =y(x 2 +y 2 )␟1,\partial2z =	;|R>D
1210	analysis	;	y,-(x 2 +y 2 )␟22x-=- 2xy ,选C	;|R>D
1210	analysis	:	. \partial x 1␟( x )2 y \part	:|D>K
1210	analysis	:	tial x 2 (x 2 ␟y 2 )2 y	:|S>L
1211	question	:	设区域D␟x2+x2 \leq1,则\	:|L>L
1211	question	;	\leq1,则\iint e␟(r^{2}:s2)dxdy	;|L>K
1211	question	:	\iint e;(r^{2}␟s2)dxdy的值等于:( 	:|R>L
1211	question	:	2}:s2)dxdy的值等于␟( ). D	:|C>K
1211	analysis	;	theta\leq2\pi ␟( x 2 :y 2 ) D	;|S>K
1211	analysis	:	eq2\pi ;( x 2 ␟y 2 ) D:{ ,\ii	:|S>L
1211	analysis	:	( x 2 :y 2 ) D␟{ ,\iint e dxd	:|L>K
1211	analysis	;	2\pi\cdot ␟1 \int 1	;|S>D
1213	analysis	:	标的曲线积分 0 0 1 L␟y=\sqrt x,x:1\	:|L>L
1213	analysis	:	 L:y=\sqrt x,x␟1\rightarrow0,	:|L>D
1216	analysis	;	)+xyf ' ( y ) ␟y, \partial z 	;|S>L
1216	analysis	;	rtial z y ' y ␟y y ' y 1 y x 	;|S>L
1241	question	;	已知E\theta(CIO␟/	;|L>P
1241	question	;	1.45V,现测得E(CIO␟/	;|L>P
1241	question	;	1.41V,并测得c(CIO␟)= 3 3 3 c(	;|L>R
1241	question	:	1molL/L,可判断电极中␟( ).	:|C>K
1241	analysis	;	非标电极电势计算 ␟ : ; 电极半反应CIO 	;|S>S
1241	analysis	:	非标电极电势计算 ; ␟ ; 电极半反应CIO +6	:|S>S
1241	analysis	;	非标电极电势计算 ; : ␟ 电极半反应CIO +6H 	;|S>S
1241	analysis	:	 O根据非标电极电势计算公式␟ 3 2 \oslash 0	:|C>S
1241	analysis	;	 n [还原态]化学计量数 ␟ ; \theta ; ; 	;|S>S
1241	analysis	;	 [还原态]化学计量数 ; ␟ \theta ; ; : 	;|S>S
1241	analysis	;	量数 ; ; \theta ␟ ; : : E(CIO /	;|S>S
1241	analysis	;	 ; ; \theta ; ␟ : : E(CIO /Cl	;|S>S
1241	analysis	:	 ; \theta ; ; ␟ : E(CIO /Cl )	:|S>S
1241	analysis	:	 \theta ; ; : ␟ E(CIO /Cl )=E	:|S>S
1241	analysis	:	g,H -6 <0 3 3 ␟ PH=-lgH -所以PH	:|S>S
1247	analysis	:	mes a D E 2 解得␟F = 3 qa E 2	:|C>L
1253	question	:	. 图示瞬时圆环动量的大小为␟( ).	:|C>K
1254	question	:	60o时,其角加速度的变化为␟( ).	:|C>K
1256	A	:	\sqrt fe␟4ga	:|L>D
1256	B	;	\sqrt 4ga␟fe	;|L>L
1264	question	:	yle="max-width␟100	:|L>D
1267	analysis	:	\sqrt M 2 ␟T 2 32 \sqrt M	:|S>L
1267	analysis	:	 32 \sqrt M 2 ␟T 2	:|S>L
1272	question	;	\xi =0.5 )␟2和5为90^{\circ}	;|R>D
1305	analysis	:	年以上. n 100n (1␟i) ;1 (1:8%) ;	:|D>L
1305	analysis	;	 n 100n (1:i) ␟1 (1:8%) ;1 P=	;|S>D
1305	analysis	:	0n (1:i) ;1 (1␟8%) ;1 P=A\tim	:|D>D
1305	analysis	;	:i) ;1 (1:8%) ␟1 P=A\times =2	;|S>D
1305	analysis	:	万元). n 100 i(1␟i) 8%(1:8%)	:|D>L
1305	analysis	:	00 i(1:i) 8%(1␟8%)	:|D>D
1320	question	:	\rightarrow0(1␟x)xln(1;x)	:|D>L
1320	question	;	row0(1:x)xln(1␟x)	;|D>L
1320	analysis	:	lim 2sinx␟x2sin x 1 =lim	:|L>L
1320	analysis	:	x 1 =lim 2sinx␟x2sin x 1 =-li	:|L>L
1320	analysis	:	\rightarrow0(1␟x)xln(1;x) x\r	:|D>L
1320	analysis	;	row0(1:x)xln(1␟x) x\rightarro	;|D>L
1320	analysis	;	x\rightarrow0 ␟x x\rightarrow	;|S>L
1321	analysis	;	rightarrow0 1 ␟1	;|S>D
1321	analysis	;	=limf(x)=lim 1␟\sqrt1;x =lim 	;|D>B
1321	analysis	;	)=lim 1;\sqrt1␟x =lim (1;x)2^	;|D>L
1321	analysis	;	qrt1;x =lim (1␟x)2^{1} =lim 2	;|D>L
1321	analysis	;	w01^{3} \sqrt1␟x x\rightarrow	;|D>L
1321	analysis	;	\rightarrow0(1␟x) 1 3^{1} x\r	;|D>L
1321	analysis	;	x\rightarrow0 ␟ 3 1 x 2	;|S>S
1322	analysis	;	(0)=lim f(x)␟f(0) =lim ;3x:	;|R>L
1322	analysis	;	(x);f(0) =lim ␟3x:\alpha(x) =	;|S>D
1322	analysis	:	;f(0) =lim ;3x␟\alpha(x) =lim	:|L>B
1325	analysis	;	=e␟ x 2 2 \cdot(-	;|L>S
1325	analysis	;	=e␟ x 2 2 \cdot(-	;|L>S
1325	analysis	;	cdot(-x)(-x)+e␟ x 2 2 \cdot(-	;|L>S
1325	analysis	;	 2 \cdot(-1)=e␟ x 2 2 \cdot(x	;|L>S
1328	question	:	且共线,则向量\alpha为␟( ). 1 2 2 1 2	:|C>K
1329	question	:	L ␟ x:2 = y^{1} =	:|S>S
1329	question	:	L : x␟2 = y^{1} = z^	:|L>D
1329	question	:	L ␟ x^{1} = y:1 =	:|S>S
1329	question	:	L : x^{1} = y␟1 = z^{2}	:|L>D
1330	A	;	ow(0,0) f(x,0)␟f(0,0) f(0,y);	;|R>L
1330	A	;	;f(0,0) f(0,y)␟f(0,0)	;|R>L
1330	B	;	rrow0 y f(x,y)␟f(0,0)	;|R>L
1330	C	:	0) \sqrt x^{2}␟y^{2}	:|R>L
1333	question	:	␟x2+y2 \leq1(x 	:|#>L
1334	analysis	:	D␟{}	:|L>K
1334	analysis	:	D␟{}	:|L>K
1337	question	;	x+y+z =e␟(x:y:z)	;|L>K
1337	question	:	x+y+z =e;(x␟y:z)	:|L>L
1337	question	:	x+y+z =e;(x:y␟z)	:|L>L
1337	analysis	;	F=x+y+z-e␟(x:y:z),F =1-e	;|L>K
1337	analysis	:	F=x+y+z-e;(x␟y:z),F =1-e;(x	:|L>L
1337	analysis	:	F=x+y+z-e;(x:y␟z),F =1-e;(x:y	:|L>L
1337	analysis	;	(x:y:z),F =1-e␟(x:y:z)(-1)=1+	;|L>K
1337	analysis	:	y:z),F =1-e;(x␟y:z)(-1)=1+e;(	:|L>L
1337	analysis	:	z),F =1-e;(x:y␟z)(-1)=1+e;(x:	:|L>L
1337	analysis	;	x:y:z)(-1)=1+e␟(x:y:z)	;|L>K
1337	analysis	:	:z)(-1)=1+e;(x␟y:z)	:|L>L
1337	analysis	:	)(-1)=1+e;(x:y␟z)	:|L>L
1337	analysis	;	F =F =1+e␟(x:y:z) y z \p	;|L>K
1337	analysis	:	F =F =1+e;(x␟y:z) y z \part	:|L>L
1337	analysis	:	F =F =1+e;(x:y␟z) y z \partia	:|L>L
1337	analysis	:	l z =- Fx =- 1␟e;(x:y:z) =-1	:|D>L
1337	analysis	;	z =- Fx =- 1:e␟(x:y:z) =-1	;|L>K
1337	analysis	:	- Fx =- 1:e;(x␟y:z) =-1	:|L>L
1337	analysis	:	Fx =- 1:e;(x:y␟z) =-1	:|L>L
1337	analysis	;	= \varepsilon(␟1) =0	;|K>D
1337	analysis	:	partial x Fz 1␟e;(x:y:z) \var	:|D>L
1337	analysis	;	rtial x Fz 1:e␟(x:y:z) \varep	;|L>K
1337	analysis	:	al x Fz 1:e;(x␟y:z) \varepsil	:|L>L
1337	analysis	:	 x Fz 1:e;(x:y␟z) \varepsilon	:|L>L
1337	analysis	;	= \varepsilon(␟1) =0	;|K>D
1388	C	:	32.M y ␟M z /	:|S>L
1388	analysis	:	a= \sqrt M y 2␟Mz 2 = 32 \sqr	:|D>L
1398	question	:	\vec dL \vec 为␟( ).	:|C>K
1401	question	:	e90iA,则-I +I 为␟( ). 1 2 1 2	:|C>K
1403	B	:	2␟\omega	:|D>B
1403	C	:	\omega L R_{1}␟R_{2}	:|R>L
1403	analysis	:	 1 2 1 2 R_{1}␟R_{2} 则U =I\an	:|R>L
1403	analysis	:	 L c 1 2 R_{1}␟R 2 \omega L =	:|R>L
1403	analysis	:	i I\sqrt(R_{1}␟R 2)2:(\omega 	:|R>L
1403	analysis	:	rt(R_{1}:R 2)2␟(\omega L)2\an	:|D>K
1403	analysis	:	[h R 1 \omega ␟ L R_{2} I\sqr	:|S>S
1403	analysis	:	} I\sqrt(R_{1}␟R 2)2:(\omega	:|R>L
1403	analysis	:	rt(R_{1}:R 2)2␟(\omega	:|D>K
1430	analysis	;	FNPV1\times(c2␟c1 ) =16%+ 130	;|D>L
1430	analysis	;	 130\times(18%␟16%) =17.2%. 1	;|o>D
1430	analysis	:	+}|FNPV2 | 130␟|;90|	:|D>P
1430	analysis	;	|FNPV2 | 130:|␟90|	;|P>D
